"paper","code","differentiating.keyword"
"Alvarado.HepatMon","[12]",
"Alvarado.JclinMedRes","[15]",
"Alvarado.AnnHepatol","[16]",
"Alvarado.JmedVirol","[14]",
"Alvarado.GastroenterolRes","[13]",
"Alvarez.ArchMedRes","[17]",
"Andonov.VoxSang","[18]",
"ArceFrontMicro","[20]",
"AssisRevSoc","[21]",
"Atiq.EmergInf","[22]",
"BanguesesJMedVir","[23]",
"Baptista.JmedVirol","[24]",
"BartoloniTropMed","[25]",
"Bernal.RevGastroenterolMex","[26]",
"BetancurActaMedCol","[27]",
"BezerraActaTrop","[28]",
"BlitzAnnTropMed","[29]",
"BortolieroAnnTrop","[30]",
"BrahmRevMedChile","[31]",
"BricksBrazJInf","[33]","chronic hepatitis C in Brazil"
"CabezasPlos","[34]",
"CaetanoTransRSoc","[35]",
"Campbell.thesis","[36]",
"CampolmiAmJTrop","[37]",
"Cangin.JmedVir","[38]",
"CordovaRevBrasAnal","[39]",
"Cossaboom.JmedVir","[40]",
"CovarrubiaRevChilInf","[41]","blood donors"
"CovarrubiaRevChilInf2","[42]","Re-evaluacion"
"CruellsGastHep","[43]",
"deAlmeidaIntJInf","[44]",
"deOliveiraIntJInf","[49]",
"dePaulaMemInst","[50]",
"DebesPloSOne","[51]",
"DelAmicoEmerInfDis","[52]",
"DiLelloEurJ","[53]",
"Diehl.Gastro","[54]",
"Ditah.Hep","[55]",
"Eick.JinfectDis","[56]",
"Engle.JclinMic","[57]",
"FainboimJVirHep","[58]",
"FantilliPlosOne","[59]",
"Fearon.ArchVirol","[60]",
"FerreiraArchVir","[61]",
"FocacciaBrazJInf","[62]",
"Fontana.Hep","[63]",
"FreitasRevSocBras","[65]",
"FreitasMemInst","[64]",
"GambelAmJTrop","[66]",
"GandolfoMedClin","[67]",
"GarciaJMedVir","[68]",
"GoncalesClinDiag","[69]",
"GuttierezIatreia","[70]",
"GuzmanDiag","[71]",
"HalacGut","[72]",
"HardtkeJMedVir","[73]",
"HeringJMedVir","[74]",
"HurtadoRevMedChile","[75]",
"HyamsClinInfDis","[76]",
"IbarraRevMedChil","[77]","nivel socioeconomico"
"IbarraRevMedChil3","[79]","A,E y no A-E"
"IbarraRevMedChil2","[78]","donantes de bancos"
"Karetnyi.JclinVir","[80]",
"KiesslichTransRSoc","[81]",
"Koning.BMCInfD","[82]",
"KonomiJClinMicro","[83]",
"Kunihol.JinfDis","[85]",
"Kuniholm.Hep","[84]",
"Kyvernitakis.Hep","[86]",
"LangerJVirHep","[87]",
"LayJMedVir","[128]",
"LemosJClinVir","[88]",
"LeonRevPanam","[89]",
"Lopez.AnnHepatol","[91]",
"LyraBrazJMed","[92]",
"Mahajan.EmInfD","[93]",
"MartinezJMedVir","[95]",
"MartinezWassafJClinVir","[94]",
"MartinsJClinVir","[96]",
"Mast.JinfDis","[97]",
"McGivern.OpenForum","[98]",
"Meng.JclinMic","[99]",
"Minuk.CanJGastro","[101]",
"MontalvoTransRSoc","[47]",
"MontalvoEmerInf","[48]",
"MontalvoRevBiomed","[46]",
"MontalvoInfGenEvol","[45]",
"MoraesMemInst","[102]",
"MunneAnnHep","[104]",
"MunnejClinVir","[103]",
"OoiAmJTrop","[105]",
"PandolfiPlos","[106]",
"Panduro.SaludPublica","[107]",
"PangAmJTrop","[108]",
"ParanaAmJTrop","[109]",
"ParanaHep","[110]",
"PassosJMedVir","[111]",
"PassosCastilhoBrazJInf","[113]","schisostomiasis"
"PassosCastilhoJMedVir","[114]",
"PassosCastilhoBrazJInf2","[115]","blood donors"
"PassosCastilhoRevSocBras","[112]",
"PelaezBiom","[116]","genotypic characterization"
"PelaezBiom2","[117]","diagnostico clinico de hepatitis"
"PerezAmJTrop","[118]",
"PisanoArchVir","[120]",
"PisanoTransRSoc","[119]",
"PujolGen","[122]",
"PujolJMedVir","[121]",
"QuintanaJMedVir","[123]",
"Realpe.Intervirology","[124]",
"Redlinger.TexMed","[125]",
"RemondeguiRevArg","[6]",
"ReyJTravMed","[127]",
"SaraceniThesis","[129]",
"Sherman.JvirHep","[131]",
"Sherman.AIDS","[130]",
"SilvaMemInst","[132]",
"SmalliganAmJtrop","[133]",
"SmithJInfDis","[134]",
"SoutoAnnTropMedP","[136]",
"SoutoAnnTropMedH","[135]",
"StramerTrans","[137]",
"SueOpenF","[138]",
"TalarminJMedVir","[139]",
"TejadaAmJTrop","[140]",
"TeshaleJInfDis","[141]",
"ThomasJClinMic","[142]",
"TisseraBMCInfDis","[143]",
"TrintaMemInst","[144]",
"UnzuetaAnnHep","[145]",
"VildosolaRevGast","[146]",
"VitralMemInst","[148]",
"WithersAmJTrop","[149]",
"XuTrans","[150]",
"ZafrullahTrans","[151]",
"ZhangHep","[152]",
"LopesJClinVir","[90]",
"VitralBMCInfDis","[147]",
