"details","label","research.group","overlap","n.i","n","p","lo","up","paper","country","test","param","analysed.in.group","comment"
,"Rural ","Alvarado",0,100,273,,,,"Alvarado.HepatMon","Mexico","Diagnostic automation Inc.","IgG","R",
,"Rural ","Alvarado",1,61,150,,,,"Alvarado.JclinMedRes","Mexico","Diagnostic automation Inc.","IgG","R","overlap with Alvarado.HepatMon "
,"Rural ","Alvarado",0,46,146,,,,"Alvarado.AnnHepatol","Mexico","Diagnostic automation Inc.","IgG","R","potential overlap with Alvarado.HepatMon "
"urban ","Urban ","Alvarado",0,8,86,,,,"Alvarado.JmedVirol","Mexico","Diagnostic automation Inc.","IgG","GP",
,"General ","Alvarado",0,14,101,,,,"Alvarado.GastroenterolRes","Mexico","Diagnostic automation Inc.","IgG","GP",
"butchers","Butchers","Alvarado",0,18,101,,,,"Alvarado.GastroenterolRes","Mexico","Diagnostic automation Inc.","IgG","OG",
"waste pickers","Waste pickers","Alvarado",0,14,86,,,,"Alvarado.JmedVirol","Mexico","Diagnostic automation Inc.","IgG","OG",
"Mennonites","Mennonites","Alvarado",0,10,150,,,,"Alvarado.JclinMedRes","Mexico","Diagnostic automation Inc.","IgG","OG",
,"Tepehuanos","Alvarado",0,5,146,,,,"Alvarado.AnnHepatol","Mexico","Diagnostic automation Inc.","IgG","EG",
"incl.young adults","Children+young adults","Alvarez",0,374,3549,,,,"Alvarez.ArchMedRes","Mexico","Abbott Laboratories","IgG","GP",
"plasma exchange treatment","Plasma exchange treatment","Andonov",0,0,38,,,,"Andonov.VoxSang","Canada","MP Diagnostic","IgG","I",
"plasma exchange treatment","Plasma exchange treatment","Andonov",0,0,38,,,,"Andonov.VoxSang","Canada","MP Diagnostic","IgM","I",
,"Blood donors","Arce",0,75,813,,,,"ArceFrontMicro","Argentina","in house","IgG","BD",
,"Children","Assis",0,22,487,,,,"AssisRevSoc","Brazil","Abbott Laboratories","IgG","C",
"healthy controls","Healthy controls (healthcare, laboratory)","Atiq",0,4,38,,,,"Atiq.EmergInf","USA","MP Biomedicals","IgG","GP",
"chronic liver disease","Chronic liver disease","Atiq",0,45,129,,,,"Atiq.EmergInf","USA","MP Biomedicals","IgG","I",
"healthy controls","Healthy controls (healthcare, laboratory)","Atiq",0,0,38,,,,"Atiq.EmergInf","USA","MP Biomedicals","IgM","GP",
"chronic liver disease","Chronic liver disease","Atiq",0,0,129,,,,"Atiq.EmergInf","USA","MP Biomedicals","IgM","I",
,"Blood donors","Bangueses",0,19,40,,,,"BanguesesJMedVir","Uruguay","Diapro","IgMTanti+","BD",
,"Blood donors","Bangueses",0,3,40,,,,"BanguesesJMedVir","Uruguay","nested PCR","RNATanti+","BD",
,"Blood donors","Bangueses",0,40,400,,,,"BanguesesJMedVir","Uruguay","Diapro","Tanti","BD",
,"Blood donors","Baptista",0,0,110,,,,"Baptista.JmedVirol","Mexico","Euroimmun","IgG","BD",
"HBV or HCV reactive","HBV or HCV reactive blood donors","Baptista",0,2,97,,,,"Baptista.JmedVirol","Mexico","Euroimmun","IgG","VH","merged with Baptista - HEV symptoms"
"High-risk pregnancy","High-risk pregnancy","Baptista",0,1,127,,,,"Baptista.JmedVirol","Mexico","Euroimmun","IgG","PW",
"HEV symptoms","HEV symptoms","Baptista",0,7,94,,,,"Baptista.JmedVirol","Mexico","Euroimmun","IgG","VH",
,"Rural ","Bartoloni",0,36,490,,,,"BartoloniTropMed","Bolivia","Abbott Laboratories","IgG","R",
,"General ","Bernal",0,23,363,,,,"Bernal.RevGastroenterolMex","Mexico","Abbott Laboratories","IgG","GP",
"pig farmers","Pig farmers","Betancur",0,11,98,,,,"BetancurActaMedCol","Colombia","Diapro","IgG","PRE",
"HIV+","HIV+","Bezerra",0,15,366,,,,"BezerraActaTrop","Brazil","recomWell Mikrogen","IgG","I",
"HIV+","HIV+","Bezerra",0,0,366,,,,"BezerraActaTrop","Brazil","RT-PCR","RNA","I",
,"Ethnic groups","Blitz-Dorfman",0,45,463,,,,"BlitzAnnTropMed","Venezuela","Abbott Laboratories","Tanti","EG",
,"Blood donors","Bortoliero",0,23,996,,,,"BortolieroAnnTrop","Brazil","Abbott Laboratories","IgG","BD",
,"Blood donors","Brahm",0,7,174,,,,"BrahmRevMedChile","Chile","Abbott Laboratories","IgG","BD",
"alcoholics","Alcoholics","Brahm",0,1,40,,,,"BrahmRevMedChile","Chile","Abbott Laboratories","IgG","EP",
"hemophiliac ","Hemophiliac children","Brahm",0,3,40,,,,"BrahmRevMedChile","Chile","Abbott Laboratories","IgG","I",
"acute HAV","Acute HAV","Brahm",0,3,66,,,,"BrahmRevMedChile","Chile","Abbott Laboratories","IgG","VH",
"acute non-A-C","Acute non-A,non-B,non-C hep.","Brahm",0,3,36,,,,"BrahmRevMedChile","Chile","Abbott Laboratories","IgG","VH","merged with Brahm acute HA"
"chronic HCV","HCV","Bricks",0,63,618,,,,"BricksBrazJInf","Brazil","Wantai","IgG","I",
"chronic HCV","HCV","Bricks",0,0,66,,,,"BricksBrazJInf","Brazil","Wantai","IgM+","I","indetermined as + here"
,"General ","Cabezas",0,729,5183,,,,"CabezasPlos","Peru","Wantai","IgG","GP",
,"Rural ","Caetano",0,36,920,,,,"CaetanoTransRSoc","Brazil","recomWell Mikrogen","Tanti","R",
"NHANES 2009-2016, 95% CI: 5.6%-7%","General ","Campbell",0,,,0.061,0.056,0.07,"Campbell.thesis","USA","Diagnostic System","IgG","GP","NHANES 2009-2016"
,"General ","Campbell",1,,,0.06,0.051,0.07,"Campbell.thesis","USA","Diagnostic System","IgG","GP","NHANES 2009-2010"
,"General ","Campbell",1,,,0.058,0.046,0.07,"Campbell.thesis","USA","Diagnostic System","IgG","GP","NHANES 2011-2012"
,"General ","Campbell",1,,,0.046,0.037,0.06,"Campbell.thesis","USA","Diagnostic System","IgG","GP","NHANES 2013-2014"
,"General ","Campbell",1,,,0.081,0.07,0.1,"Campbell.thesis","USA","Diagnostic System","IgG","GP","NHANES 2015-2016"
"NHANES 2009-2016, 95% CI: 0.8%-1.2%","General ","Campbell",0,,,0.01,0.008,0.012,"Campbell.thesis","USA","Diagnostic System","IgM","GP","NHANES 2009-2016"
"NHANES 2009-2010, 95% CI: 0.3%-0.8%","General ","Campbell",1,,,0.005,0.003,0.008,"Campbell.thesis","USA","Diagnostic System","IgM","GP","NHANES 2009-2010"
"NHANES 2011-2012, 95% CI: 1.2%-2.2%","General ","Campbell",1,,,0.016,0.012,0.022,"Campbell.thesis","USA","Diagnostic System","IgM","GP","NHANES 2011-2012"
"NHANES 2013-2014,95% CI: 0.3%-1.1%","General ","Campbell",1,,,0.007,0.003,0.011,"Campbell.thesis","USA","Diagnostic System","IgM","GP","NHANES 2013-2014"
"NHANES 2015-2016, 95% CI: 0.9%-2.2%","General ","Campbell",1,,,0.012,0.009,0.022,"Campbell.thesis","USA","Diagnostic System","IgM","GP","NHANES 2015-2016"
,"Rural ","Campolmi",0,87,257,,,,"CampolmiAmJTrop","Bolivia","Diapro","IgG","R",
,"Rural ","Campolmi",1,77,257,,,,"CampolmiAmJTrop","Bolivia","Wantai","IgG","R",
,"General ","Cangin",1,,,0.046,0.036,0.057,"Cangin.JmedVir","USA","Diagnostic System","IgG","GP","NHANES 2013-2014"
,"General ","Cangin",1,,,0.081,0.064,0.097,"Cangin.JmedVir","USA","Diagnostic System","IgG","GP","NHANES 2015-2016"
,"General ","Cangin",1,,,0.05,0.039,0.061,"Cangin.JmedVir","USA","Diagnostic System","IgG/IgM","-","NHANES 2013-2014"
,"General ","Cangin",1,,,0.088,0.072,0.105,"Cangin.JmedVir","USA","Diagnostic System","IgG/IgM","-","NHANES 2015-2016"
,"Blood donors(women)","Cordova",0,1,20,,,,"CordovaRevBrasAnal","Brazil","Genelabs Diagnostics","IgG","BD",
,"Pregnant women","Cordova",0,0,20,,,,"CordovaRevBrasAnal","Brazil","Genelabs Diagnostics","IgG","PW",
"only women","Blood donors(women)","Cordova",0,2,20,,,,"CordovaRevBrasAnal","Brazil","Genelabs Diagnostics","IgM","BD",
,"Pregnant women","Cordova",0,1,20,,,,"CordovaRevBrasAnal","Brazil","Genelabs Diagnostics","IgM","PW",
"undergraduate and veterinary students","Undergraduate and veterinary students","Cossaboom",0,21,335,,,,"Cossaboom.JmedVir","USA","Wantai","Tanti","OG",
,"Blood donors","Covarrubia",0,56,186,,,,"CovarrubiaRevChilInf","Chile","Diagnostic automation Inc.","IgG","BD",
"patients with previous IgG analysis","Patients with previous IgG analysis","Covarrubia",0,58,178,,,,"CovarrubiaRevChilInf2","Chile","Diagnostic automation Inc.","IgG","VH",
"patients with previous IgG analysis","Patients with previous IgG analysis","Covarrubia",1,13,178,,,,"CovarrubiaRevChilInf2","Chile","Genelabs ","IgG","VH",
,"Blood donors","Cruells",0,5,252,,,,"CruellsGastHep","Uruguay","Abbott Laboratories","Tanti","BD",
"patients(Clinic for nutrition and digestion)","Patients(Clinic for nutrition and digestion)","Cruells",0,6,214,,,,"CruellsGastHep","Uruguay","Abbott Laboratories","Tanti","GP",
,"Urban ","de Almeida e Araujo",0,37,169,,,,"deAlmeidaIntJInf","Brazil","Wantai","IgG","GP",
,"Rural ","de Almeida e Araujo",0,13,73,,,,"deAlmeidaIntJInf","Brazil","Wantai","IgG","R",
"urban+rural","Urban+rural","de Almeida e Araujo",0,0,244,,,,"deAlmeidaIntJInf","Brazil","RT-PCR","RNA","M",
"kidney transplant recipients","Kidney transplant recipients","de Oliveira",0,8,316,,,,"deOliveiraIntJInf","Brazil","recomWell Mikrogen","IgG","I",
"kidney transplant recipients","Kidney transplant recipients","de Oliveira",0,1,316,,,,"deOliveiraIntJInf","Brazil","recomWell Mikrogen","IgM","I",
"kidney transplant recipients","Kidney transplant recipients","de Oliveira",0,0,316,,,,"deOliveiraIntJInf","Brazil","RT-PCR","RNA","I",
,"Ethnic group","de Paula",0,14,349,,,,"dePaulaMemInst","Brazil","Abbott Laboratories, Organon Teknika","IgG","EG","unclear which test(s) was used"
"HIV+","HIV+","Debes",0,15,204,,,,"DebesPloSOne","Argentina","Diapro","IgG","I",
"HIV+","HIV+","Debes",0,5,15,,,,"DebesPloSOne","Argentina","Diapro","IgM+","I",
"HIV+","HIV+","Debes",0,1,204,,,,"DebesPloSOne","Argentina","nested PCR","RNA","I",
,"Rural ","DelAmico",0,15,236,,,,"DelAmicoEmerInfDis","Bolivia","Diapro","IgG","R",
,"Blood donors","Di Lello",0,44,391,,,,"DiLelloEurJ","Argentina","Diapro","IgG","BD",
,"Blood donors","Di Lello",0,8,44,,,,"DiLelloEurJ","Argentina","Diapro","IgM+","BD",
,"Blood donors","Di Lello",0,0,44,,,,"DiLelloEurJ","Argentina","Cobas 4800 System","RNA+","BD",
,"General ","Diehl",1,,,0.066,0.058,0.074,"Diehl.Gastro","USA","Diagnostic System","IgG/IgM","-","NHANES 2009-2012"
,"General ","Ditah",1,,,0.06,0.051,0.069,"Ditah.Hep","USA","Diagnostic System","IgG/IgM","-","NHANES 2009-2010"
"US military","US military","Eick",0,0,16,,,,"Eick.JinfectDis","USA","in house","IgMTanti+","OG",
"US military","US military","Eick",0,16,1500,,,,"Eick.JinfectDis","USA","in house","Tanti","OG",
,"Blood donors","Engle",1,31,230,,,,"Engle.JclinMic","USA","in house human HEV","IgG","BD","overlap with Meng.JclinMic"
,"Blood donors","Engle",1,35,230,,,,"Engle.JclinMic","USA","in house swine HEV","IgG","BD","overlap with Meng.JclinMic"
"pig handlers","Pig handlers","Engle",0,63,603,,,,"Engle.JclinMic","USA","in house human HEV","IgG","PRE",
"pig handlers","Pig handlers","Engle",1,58,603,,,,"Engle.JclinMic","USA","in house swine HEV","IgG","PRE",
,"Blood donors","Fainboim",0,27,1500,,,,"FainboimJVirHep","Argentina","Abbott Laboratories","IgG","BD",
"cirrhosis","Cirrhosis","Fantilli",0,35,140,,,,"FantilliPlosOne","Argentina","Diapro","IgG","I",
"healthy controls","Healthy controls ","Fantilli",0,12,300,,,,"FantilliPlosOne","Argentina","Diapro","IgG","GP",
"alcohol use disorder, no cirrhosis","Alcohol use disorder, no cirrhosis","Fantilli",0,9,72,,,,"FantilliPlosOne","Argentina","Diapro","IgG","EP",
"cirrhosis","Cirrhosis","Fantilli",0,16,35,,,,"FantilliPlosOne","Argentina","Diapro","IgM+","I",
"alcohol use disorder, no cirrhosis","Alcohol use disorder, no cirrhosis","Fantilli",0,1,9,,,,"FantilliPlosOne","Argentina","Diapro","IgM+","EP",
"cirrhosis","Cirrhosis","Fantilli",0,3,140,,,,"FantilliPlosOne","Argentina","Qiagen","RNA","I",
,"Blood donors","Fearon",0,241,4102,,,,"Fearon.ArchVirol","Canada","Wantai","IgG","BD",
,"Blood donors","Fearon",0,0,13993,,,,"Fearon.ArchVirol","Canada","RT-PCR","RNA","BD",
"HIV+","HIV+","Ferreira",0,38,354,,,,"FerreiraArchVir","Brazil","recomWell Mikrogen","IgG","I",
"HIV+","HIV+","Ferreira",0,5,354,,,,"FerreiraArchVir","Brazil","recomWell Mikrogen","IgM","I",
"HIV+","HIV+","Ferreira",0,0,354,,,,"FerreiraArchVir","Brazil","qRT-PCR","RNA","I",
,"General ","Focaccia",0,18,1012,,,,"FocacciaBrazJInf","Brazil","Abbott Laboratories","Tanti","GP",
"acute liver failure","Acute liver failure","Fontana",0,297,681,,,,"Fontana.Hep","USA","in house","IgG","I",
"acute liver failure","Acute liver failure","Fontana",0,3,699,,,,"Fontana.Hep","USA","Wantai","IgM","I",
"acute liver failure","Acute liver failure","Fontana",0,0,3,,,,"Fontana.Hep","USA","RT-PCR","RNAIgM+","I",
,"Rural ","Freitas",0,19,464,,,,"FreitasRevSocBras","Brazil","recomWell Mikrogen ","IgG","R","same ethical approval as Caetano"
,"Rural ","Freitas",1,16,464,,,,"FreitasRevSocBras","Brazil","recomLine after recomWell Mikrogen ","IgG","R","same ethical approval as Caetano"
"acute non-A-C","Acute non-A,non-B,non-C hep.","Freitas",0,22,379,,,,"FreitasMemInst","Brazil","recomWell Mikrogen ","IgG","VH",
,"Rural ","Freitas",0,3,464,,,,"FreitasRevSocBras","Brazil","recomWell Mikrogen ","IgM","R","same ethical approval as Caetano"
,"Rural ","Freitas",1,0,464,,,,"FreitasRevSocBras","Brazil","recomLine after recomWell Mikrogen ","IgM","R","same ethical approval as Caetano"
"acute non-A-C","Acute non-A,non-B,non-C hep.","Freitas",0,1,379,,,,"FreitasMemInst","Brazil","recomWell Mikrogen ","IgM","VH",
,"Rural ","Freitas",0,0,464,,,,"FreitasRevSocBras","Brazil","RT-PCR","RNA","R","same ethical approval as Caetano"
"acute non-A-C","Acute non-A,non-B,non-C hep.","Freitas",0,0,22,,,,"FreitasMemInst","Brazil","Roche Diagnostics","RNA+","VH",
"US soldiers (Haiti)","US soldiers (Haiti)","Gambel",0,2,109,,,,"GambelAmJTrop","USA","in house","Tanti","OG",
,"General ","Gambel",0,3,105,,,,"GambelAmJTrop","Haiti","in house","Tanti","GP",
"Honduras soldiers (Haiti)","Honduras soldiers (Haiti)","Gambel",0,6,109,,,,"GambelAmJTrop","Honduras","in house","Tanti","OG",
"Guatemala soldiers (Haiti)","Guatemala soldiers (Haiti)","Gambel",0,6,111,,,,"GambelAmJTrop","Guatemala","in house","Tanti","OG",
,"Children","Gandolfo",0,4,435,,,,"GandolfoMedClin","Bolivia","Abbott Laboratories","Tanti","C",
"acute viral hep.","Acute viral hepatitis ","Garcia",0,22,74,,,,"GarciaJMedVir","Venezuela","DRG International","IgM","VH",
"acute viral hep.","Acute viral hepatitis ","Garcia",0,3,22,,,,"GarciaJMedVir","Venezuela","nested RT-PCR","RNAIgM+","VH",
"hospital employees","Hospital employees","Goncales",0,10,170,,,,"GoncalesClinDiag","Brazil","Abbott Laboratories","IgG","OG",
,"Blood donors","Goncales",0,8,205,,,,"GoncalesClinDiag","Brazil","Abbott Laboratories","IgG","BD",
"women exposed to HIV","Women exposed to HIV","Goncales",0,38,214,,,,"GoncalesClinDiag","Brazil","Abbott Laboratories","IgG","EP",
"urban ","Urban ","Gutierrez-Vergara",0,8,79,,,,"GuttierezIatreia","Colombia","Diapro","IgMTanti+","GP","+ and indetermined"
"cohabitant with exposed","Cohabitant with exposed","Gutierrez-Vergara",0,0,3,,,,"GuttierezIatreia","Colombia","Diapro","IgMTanti+","EP","+ and indetermined"
,"Pig exposure","Gutierrez-Vergara",0,4,31,,,,"GuttierezIatreia","Colombia","Diapro","IgMTanti+","PRE","+ and indetermined"
"urban ","Urban ","Gutierrez-Vergara",0,71,983,,,,"GuttierezIatreia","Colombia","Diapro","Tanti","GP",
"cohabitant with exposed","Cohabitant with exposed","Gutierrez-Vergara",0,2,34,,,,"GuttierezIatreia","Colombia","Diapro","Tanti","EP",
,"Pig exposure","Gutierrez-Vergara",0,25,159,,,,"GuttierezIatreia","Colombia","Diapro","Tanti","PRE",
"slaughterhouse workers","Slaughterhouse workers","Guzman Rojas",0,30,107,,,,"GuzmanDiag","Peru","in house","IgG","PRE",
"pre-OLT (chronic hep in the follow-up)","Children pre-OLT (chronic hep in the follow-up)","Halac",0,4,14,,,,"HalacGut","Canada","in house","IgG","VH","very biased"
,"Pregnant women","Hardtke",0,40,209,,,,"HardtkeJMedVir","Brazil","Wantai","IgG","PW",
,"Blood donors(women)","Hardtke",0,51,199,,,,"HardtkeJMedVir","Brazil","Wantai","IgG","BD",
,"Pregnant women","Hardtke",0,0,40,,,,"HardtkeJMedVir","Brazil","in house","RNA+","PW",
"only women","Blood donors(women)","Hardtke",0,0,51,,,,"HardtkeJMedVir","Brazil","in house","RNA+","BD",
"renal transplant recipients","Renal transplant recipients","Hering",0,28,192,,,,"HeringJMedVir","Brazil","recomWell Mikrogen","IgG","I",
"renal transplant recipients","Renal transplant recipients","Hering",0,20,192,,,,"HeringJMedVir","Brazil","nested RT-PCR","RNA","I",
"acute HAV","Acute HAV","Hurtado",0,5,25,,,,"HurtadoRevMedChile","Chile","Genelabs Diagnostics","IgM","VH",
"samples analysed for markers of viral hep.","Patients with previous IgG analysis","Hurtado",0,12,35,,,,"HurtadoRevMedChile","Chile","Genelabs Diagnostics","IgM+","VH",
"healthy male troops","Healthy male troops","Hyams",0,25,179,,,,"HyamsClinInfDis","Peru","Diagnostics Biotechnology","IgG","OG",
"acute jaundice","Acute jaundice","Hyams",0,24,158,,,,"HyamsClinInfDis","Peru","Diagnostics Biotechnology","IgG","VH",
"acute jaundice","Acute jaundice","Hyams",0,4,24,,,,"HyamsClinInfDis","Peru","in house","IgM+","VH",
,"Children","Ibarra",0,2,168,,,,"IbarraRevMedChil","Chile","Abbott Laboratories","IgG","C",
"acute hep. (clinical)","Acute hep (clinical)","Ibarra",0,4,59,,,,"IbarraRevMedChil3","Chile","Abbott Laboratories","IgG","VH",
"acute hep. (clinical)","Acute hep (clinical)","Ibarra",0,1,59,,,,"IbarraRevMedChil3","Chile","Abbott Laboratories","IgM","VH",
,"Ethnic group","Ibarra",0,17,100,,,,"IbarraRevMedChil2","Chile","Abbott Laboratories","Tanti","EG",
,"Blood donors","Ibarra",0,109,1360,,,,"IbarraRevMedChil2","Chile","Abbott Laboratories","Tanti","BD",
"healthcare workers","Healthcare workers","Ibarra",0,9,72,,,,"IbarraRevMedChil2","Chile","Abbott Laboratories","Tanti","OG",
"inmates in state jails","Inmates in state jails","Ibarra",0,18,241,,,,"IbarraRevMedChil2","Chile","Abbott Laboratories","Tanti","EP",
"clinical hepatitis non-A-C","Clinical hepatitis, non-A, non-B, non-C","Karetnyi",0,10,204,,,,"Karetnyi.JclinVir","USA","in house","IgG","VH",
"Dept. of Natural Resources","Dept. of Natural Resources","Karetnyi",0,5,87,,,,"Karetnyi.JclinVir","USA","in house","IgG","OG",
,"Blood donors","Karetnyi",0,11,332,,,,"Karetnyi.JclinVir","USA","in house","IgG","BD","blood donors 1989"
,"Blood donors","Karetnyi",0,0,111,,,,"Karetnyi.JclinVir","USA","in house","IgG","BD","blood donors 1998, merged with Karetnyi BD 1989"
"clinical hepatitis non-A-C","Clinical hepatitis, non-A, non-B, non-C","Karetnyi",0,5,10,,,,"Karetnyi.JclinVir","USA","in house","IgM+","VH",
"Dept. of Natural Resources","Dept. of Natural Resources","Karetnyi",0,1,5,,,,"Karetnyi.JclinVir","USA","in house","IgM+","OG",
,"Blood donors","Karetnyi",0,3,11,,,,"Karetnyi.JclinVir","USA","in house","IgM+","BD",
"clinical hepatitis non-A-C","Clinical hepatitis, non-A, non-B, non-C","Karetnyi",0,0,5,,,,"Karetnyi.JclinVir","USA","RT-PCR","RNAIgGIgM+","VH",
"Dept. of Natural Resources","Dept. of Natural Resources","Karetnyi",0,0,1,,,,"Karetnyi.JclinVir","USA","RT-PCR","RNAIgGIgM+","OG",
,"Blood donors","Karetnyi",0,0,3,,,,"Karetnyi.JclinVir","USA","RT-PCR","RNAIgGIgM+","BD",
"hemodialysis","Hemodialysis patients","Kiesslich",0,1,192,,,,"KiesslichTransRSoc","Brazil","Abbott Laboratories","Tanti","I",
,"Pregnant women","Kiesslich",0,0,100,,,,"KiesslichTransRSoc","Brazil","Abbott Laboratories","Tanti","PW",
,"Blood donors","Kiesslich",0,1,227,,,,"KiesslichTransRSoc","Brazil","Abbott Laboratories","Tanti","BD",
"liver pre-transplant chronic HCV ","Liver transplant chronic HCV (pre-transplant)","Koning",0,53,145,,,,"Koning.BMCInfD","USA","Wantai","IgG","I",
"liver pre-transplant chronic HCV ","Liver transplant chronic HCV (pre-transplant)","Koning",0,5,145,,,,"Koning.BMCInfD","USA","Wantai","IgM","I",
"chronic HCV liver transpl. candidates  ","Liver transplant chronic HCV (pre-transplant)","Koning",0,0,145,,,,"Koning.BMCInfD","USA","qRT-PCR","RNA","I",
,"Blood donors","Konomi",0,93,574,,,,"KonomiJClinMicro","Bolivia","in house","IgG","BD",
,"Blood donors","Konomi",0,10,574,,,,"KonomiJClinMicro","Bolivia","in house","IgM","BD",
,"General ","Kuniholm",1,,,0.21,0.19,0.229,"Kunihol.JinfDis","USA","in house","IgG","GP","NHANES III 1988-1994"
"HIV+","HIV+","Kuniholm",0,3,1797,,,,"Kuniholm.Hep","USA","Procleix HEV+TMA","RNA","I",
"HCV infected cancer patients","HCV infected cancer patients","Kyvernitakis",0,13,115,,,,"Kyvernitakis.Hep","USA","recomWell Mikrogen","IgG","I",
"HCV infected cancer patients","HCV infected cancer patients","Kyvernitakis",0,0,13,,,,"Kyvernitakis.Hep","USA","recomWell Mikrogen","IgM+","I",
,"Ethnic group","Langer",0,15,503,,,,"LangerJVirHep","Greenland","Abbott Laboratories","IgG","EG",
,"Ethnic group","Langer",0,1,503,,,,"LangerJVirHep","Greenland","in house","IgM","EG",
,"Ethnic group","Langer",0,0,503,,,,"LangerJVirHep","Greenland","PCR","RNA","EG",
"outbreak and sporadic acute viral hep.","Outbreak and sporadic viral hep","Lay",0,71,297,,,,"LayJMedVir","Cuba","CIGB","IgM","VH","18/39 sporadic cases, 53/258 outbreak cases"
"anti-HCV and HbsAG positive","Anti-HCV and HbsAG positive","Lemos",0,6,461,,,,"LemosJClinVir","Cuba","in house","IgG","VH",
,"Blood donors","Lemos",0,16,1149,,,,"LemosJClinVir","Cuba","in house","IgG","BD",
"elevated ALAT, plasmaspheresis","Elevated ALAT, Plasmaspheresis","Lemos",0,6,242,,,,"LemosJClinVir","Cuba","in house","IgG","I",
"sporadic acute viral hep.","Sporadic acute viral hep","Lemos",0,24,146,,,,"LemosJClinVir","Cuba","in house","IgM","VH",
,"Blood donors","Lemos",0,5,16,,,,"LemosJClinVir","Cuba","in house+Genelabs","IgM+","BD",
"anti-HCV and HbsAG positive","Anti-HCV and HbsAG positive","Lemos",0,1,6,,,,"LemosJClinVir","Cuba","in house+Genelabs","IgM+","VH",
"elevated ALAT, plasmaspheresis","Elevated ALAT, Plasmaspheresis","Lemos",0,6,6,,,,"LemosJClinVir","Cuba","in house+Genelabs","IgM+","I",
,"Ethnic group","Leon",0,64,318,,,,"LeonRevPanam","Bolivia","Abbott Laboratories","IgG","EG",
,"Rural ","Leon",0,36,185,,,,"LeonRevPanam","Bolivia","Abbott Laboratories","IgG","R",
"homeless children","Homeless children","Leon",0,65,98,,,,"LeonRevPanam","Bolivia","Abbott Laboratories","IgG","EP","merged with Leon-Sex workers"
"sex workers","Sex workers","Leon",0,29,95,,,,"LeonRevPanam","Bolivia","Abbott Laboratories","IgG","EP",
"pediatric patients, 63% blood transfusion","Immunodef./Children","Lopez",0,3,99,,,,"Lopez.AnnHepatol","Mexico","LifeSpan BioSciences","IgG","I/C",
"pediatric patients, 63% blood transfusion","Immunodef./Children","Lopez",0,6,99,,,,"Lopez.AnnHepatol","Mexico","LifeSpan BioSciences","IgM","I/C",
"pediatric patients, 63% blood transfusion","Immunodef./Children","Lopez",0,54,99,,,,"Lopez.AnnHepatol","Mexico","RT-PCR","RNA","I/C",
"acute viral hepatitis A, B, and non-A-C","Acute viral hepatitis A,B, and non-A-C","Lyra",0,21,94,,,,"LyraBrazJMed","Brazil","Abbott Laboratories","IgG","VH",
"acute viral hepatitis A, B, and non-A-C","Acute viral hepatitis A,B, and non-A-C","Lyra",0,5,21,,,,"LyraBrazJMed","Brazil","Genelabs Diagnostics","IgM+","VH",
"PWID","PWID","Mahajan",0,14,508,,,,"Mahajan.EmInfD","USA","Diagnostic System","IgG","EP",
"PWID","PWID","Mahajan",0,0,14,,,,"Mahajan.EmInfD","USA",,"IgM+","EP",
"PWID","PWID","Mahajan",0,0,14,,,,"Mahajan.EmInfD","USA","PCR","RNA+","EP",
,"Children","Martinez",0,7,412,,,,"MartinezJMedVir","Argentina","Diapro","IgG","C",
,"Children","Martinez",0,0,7,,,,"MartinezJMedVir","Argentina","Diapro","IgM+","C",
,"General ","Martinez-Wassaf",0,19,433,,,,"MartinezWassafJClinVir","Argentina","Diapro","IgG","GP",
"waste pickers","Waste pickers","Martins",0,24,431,,,,"MartinsJClinVir","Brazil","recomWell Mikrogen","IgG","OG",
"waste pickers","Waste pickers","Martins",0,4,431,,,,"MartinsJClinVir","Brazil","recomWell Mikrogen","IgM","OG",
"waste pickers","Waste pickers","Martins",1,22,431,,,,"MartinsJClinVir","Brazil","recomLine after recomWell Mikrogen","IgG","OG",
"waste pickers","Waste pickers","Martins",1,3,431,,,,"MartinsJClinVir","Brazil","recomLine after recomWell Mikrogen","IgM","OG",
"waste pickers","Waste pickers","Martins",0,0,4,,,,"MartinsJClinVir","Brazil","nested RT-PCR","RNAIgM+","OG",
,"Blood donors","Mast",0,70,5000,,,,"Mast.JinfDis","USA","in house Rpr-EIA","Tanti","BD",
,"Blood donors","Mast",1,59,5000,,,,"Mast.JinfDis","USA","in house Mpr-EIA","Tanti","BD",
"chronic HBV","Chronic HBV","McGivern",0,171,600,,,,"McGivern.OpenForum","Canada/USA","Wantai","IgG","I",
"chronic HBV","Chronic HBV","McGivern",0,10,600,,,,"McGivern.OpenForum","Canada/USA","Wantai","IgM","I",
"chronic HBV","Chronic HBV","McGivern",0,0,600,,,,"McGivern.OpenForum","Canada/USA","RT-PCR","RNA","I",
,"Blood donors","Meng",0,73,400,,,,"Meng.JclinMic","USA","in house human HEV","IgG","BD",
,"Blood donors","Meng",1,66,400,,,,"Meng.JclinMic","USA","in house swine HEV","IgG","BD",
"swine veterinarians","Swine veterinarians","Meng",0,93,388,,,,"Meng.JclinMic","USA","in house human HEV","IgG","PRE",
"swine veterinarians","Swine veterinarians","Meng",1,83,388,,,,"Meng.JclinMic","USA","in house swine HEV","IgG","PRE",
,"Isolated Canadian Inuit community","Minuk",0,11,393,,,,"Minuk.CanJGastro","Canada","Genelabs Diagnostics","IgG","EG",
,"Isolated Canadian Inuit community","Minuk",0,2,11,,,,"Minuk.CanJGastro","Canada","Genelabs Diagnostics","IgM+","EG",
,"Isolated Canadian Inuit community","Minuk",0,0,11,,,,"Minuk.CanJGastro","Canada","RT-PCR","RNA+","EG",
,"General ","Montalvo-Villalba",0,47,469,,,,"MontalvoTransRSoc","Cuba","Genelabs Diagnostics","IgG","GP",
"outbreak and sporadic acute viral hep.","Outbreak and sporadic hep cases","Montalvo-Villalba",0,58,58,,,,"MontalvoEmerInf","Cuba","Genelabs Diagnostics","IgM","VH",
"outbreak and sporadic acute viral hep.","Outbreak and sporadic hep cases","Montalvo-Villalba",0,22,31,,,,"MontalvoEmerInf","Cuba","Genelabs Diagnostics","IgG","VH",
"acute HAV suspected","Patients suspect of acute HAV","Montalvo-Villalba",0,36,422,,,,"MontalvoRevBiomed","Cuba","RT-PCR","RNA","VH",
"pig farms","Pig farms","Montalvo-Villalba",0,1,38,,,,"MontalvoInfGenEvol","Cuba","nested RT-PCR","RNA+|+","M",
"outbreak and sporadic HEV cases","Outbreak and sporadic HEV cases","Montalvo-Villalba",0,2,22,,,,"MontalvoEmerInf","Cuba","PCR","RNA+","VH",
"pig farms, contact with swine","Pig farms, contact with swine","Montalvo-Villalba",0,28,69,,,,"MontalvoInfGenEvol","Cuba","Genelabs Diagnostics","Tanti","PRE",
"pig farms, no contact with swine","Pig farms, no contact with swine","Montalvo-Villalba",0,10,37,,,,"MontalvoInfGenEvol","Cuba","Genelabs Diagnostics","Tanti","OG",
,"General ","Moraes dos Santos",0,17,699,,,,"MoraesMemInst","Brazil","Abbott Laboratories","IgG","GP",
,"Blood donors","Munne",0,4,24,,,,"MunneAnnHep","Argentina","Wantai","IgG","BD",
"healthcare workers","Healthcare workers","Munne",0,4,27,,,,"MunneAnnHep","Argentina","Wantai","IgG","OG",
"HIV+","HIV+","Munne",0,10,28,,,,"MunneAnnHep","Argentina","Wantai","IgG","I",
"volunteers","Volunteers","Munne",0,9,95,,,,"MunneAnnHep","Argentina","Diapro","IgG","GP",
"volunteers","Volunteers","Munne",0,4,28,,,,"MunneAnnHep","Argentina","Wantai","IgG","GP",
"acute non-A-C","acute non-A-C hep","Munne",0,9,143,,,,"MunneAnnHep","Argentina","RT-nested PCR","RNA","VH",
"acute non-A-C, HAV, fulminant liver failure","Children(acute non A-C hep, HAV, fulminant liver failure)/adults (acute non A-C hep)","Munne",0,9,15,,,,"MunnejClinVir","Argentina","nested RT-PCR","RNAIgG+|IgM+|Tanti+","VH",
"travelers","Travelers","Ooi",0,9,384,,,,"OoiAmJTrop","USA","in house","IgG","EP",
,"Blood donors","Pandolfi",0,314,780,,,,"PandolfiPlos","Brazil","in house","IgG","BD",
,"General ","Panduro",0,31,311,,,,"Panduro.SaludPublica","Mexico","MP Diagnostic","IgG","GP",
"obesity and diabetes","Obesity and diabetes","Panduro",0,14,83,,,,"Panduro.SaludPublica","Mexico","MP Diagnostic","IgG","I","merged with Panduro Obesity and diabetes"
"cirrhosis","Cirrhosis","Panduro",0,9,34,,,,"Panduro.SaludPublica","Mexico","MP Diagnostic","IgG","I",
"drug addicts","Drug addicts","Panduro",0,6,160,,,,"Panduro.SaludPublica","Mexico","MP Diagnostic","IgG","EP",
"gold miners","Gold miners","Pang",0,6,97,,,,"PangAmJTrop","Brazil","Genelabs Diagnostics","IgG","OG",
,"Blood donors","Parana",0,4,200,,,,"ParanaAmJTrop","Brazil","Abbott Laboratories","IgG","BD",
"hemodialysis","Hemodialysis patients","Parana",0,0,392,,,,"ParanaAmJTrop","Brazil","Abbott Laboratories","IgG","I","merged with Parana Hepatosplenic"
"Hepatosplenic schistosomiasis","Hepatosplenic schistosomiasis","Parana",0,3,30,,,,"ParanaAmJTrop","Brazil","Abbott Laboratories","IgG","I",
"acute viral hep.","Acute viral hepatitis ","Parana",0,14,79,,,,"ParanaAmJTrop","Brazil","Abbott Laboratories","IgG","VH",
"acute sporadic hepatitis","Acute sporadic hepatitis","Parana",0,5,143,,,,"ParanaHep","Brazil","Abbott Laboratories","IgG","VH",
"acute sporadic hepatitis","Acute sporadic hepatitis","Parana",0,0,5,,,,"ParanaHep","Brazil","Abbott Laboratories","IgM+","VH",
"renal transplant recipients","Renal transplant recipients","Passos",0,3,96,,,,"PassosJMedVir","Brazil","nested RT-PCR","RNA","I",
"Schistosoma mansoni","Schistosoma mansoni","Passos-Castilho",0,15,80,,,,"PassosCastilhoBrazJInf","Brazil","Wantai","IgG","I",
,"Blood donors","Passos-Castilho",0,30,300,,,,"PassosCastilhoJMedVir","Brazil","Wantai","IgG","BD",
,"Blood donors","Passos-Castilho",0,49,500,,,,"PassosCastilhoBrazJInf2","Brazil","Wantai","IgG","BD",
"clinically suspected HEV","Clinically suspected HEV","Passos-Castilho",0,47,2271,,,,"PassosCastilhoRevSocBras","Brazil","in house","IgG","VH",
"clinically suspected HEV","Clinically suspected HEV","Passos-Castilho",0,27,552,,,,"PassosCastilhoRevSocBras","Brazil","in house","IgM","VH",
"Schistosoma mansoni","Schistosoma mansoni","Passos-Castilho",0,0,15,,,,"PassosCastilhoBrazJInf","Brazil","Wantai","IgM+","I",
,"Blood donors","Passos-Castilho",0,1,30,,,,"PassosCastilhoJMedVir","Brazil","Wantai","IgM+","BD",
,"Blood donors","Passos-Castilho",0,1,49,,,,"PassosCastilhoBrazJInf2","Brazil","Wantai","IgM+","BD",
"Schistosoma mansoni","Schistosoma mansoni","Passos-Castilho",0,0,15,,,,"PassosCastilhoBrazJInf","Brazil","Qiagen","RNA+","I",
,"Blood donors","Passos-Castilho",0,0,30,,,,"PassosCastilhoJMedVir","Brazil","qRT-PCR","RNA+","BD",
,"Blood donors","Passos-Castilho",0,0,49,,,,"PassosCastilhoBrazJInf2","Brazil","Qiagen","RNA+","BD",
"clinically suspected HEV","Clinically suspected HEV","Passos-Castilho",0,1,6,,,,"PassosCastilhoRevSocBras","Brazil","RNEasy FFPE kit Qiagen","RNA++","VH",
"acute viral hep. (A,B, or C)","Viral hep","Pelaez",0,342,1097,,,,"PelaezBiom","Colombia","Diapro","IgG","VH",
"viral hep. (clinical)","Viral hep","Pelaez",0,26,344,,,,"PelaezBiom2","Colombia","Diapro","IgG","VH","potential overlap with pelaezBiom"
"acute viral hep. (A,B, or C)","Viral hep","Pelaez",0,126,1097,,,,"PelaezBiom","Colombia","Diapro","IgM","VH",
"viral hep. (clinical)","Viral hep","Pelaez",0,6,344,,,,"PelaezBiom2","Colombia","Diapro","IgM","VH","potential overlap with pelaezBiom"
"acute viral hep. (A,B, or C)","Viral hep","Pelaez",0,52,181,,,,"PelaezBiom","Colombia","nested RT-PCR","RNA+|+","VH",
,"General ","Perez",0,37,460,,,,"PerezAmJTrop","Nicaragua","Abbott Laboratories","IgG","GP",
"transplant recipients (kidney/liver)","Transplant recipients (kidney+liver)","Pisano",0,7,120,,,,"PisanoArchVir","Argentina","Diapro","IgG","I",
"dialysis","Dialysis patients","Pisano",0,9,88,,,,"PisanoArchVir","Argentina","Diapro","IgG","I",
"patients (routine control)","Patients (routine control)","Pisano",0,13,143,,,,"PisanoTransRSoc","Argentina","Diapro","IgG","GP",
"transplant recipients (kidney/liver)","Transplant recipients (kidney+liver)","Pisano",0,0,120,,,,"PisanoArchVir","Argentina","Diapro","IgM","I",
"dialysis","Dialysis patients","Pisano",0,5,8,,,,"PisanoArchVir","Argentina","Diapro","IgM+","I",
"patients (routine control)","Patients (routine control)","Pisano",0,3,13,,,,"PisanoTransRSoc","Argentina","Diapro","IgM+","GP",
"kidney/liver transplant recipients","Transplant recipients (kidney+liver)","Pisano",0,0,120,,,,"PisanoArchVir","Argentina","nested PCR","RNA","I","merged with Pisano Dialysis RNA"
"dialysis","Dialysis patients","Pisano",0,0,88,,,,"PisanoArchVir","Argentina","nested PCR","RNA","I",
,"Pregnant women","Pujol",1,3,186,,,,"PujolGen","Venezuela","in house","Tanti","PW","the same as PujolJMedVir"
,"Pregnant women","Pujol",0,3,184,,,,"PujolJMedVir","Venezuela","in house","Tanti","PW",
,"Ethnic group","Pujol",0,12,223,,,,"PujolJMedVir","Venezuela","in house","Tanti","EG",
,"Rural ","Pujol",0,8,204,,,,"PujolJMedVir","Venezuela","in house","Tanti","R",
"ethnic groups, pregnant women, rural","Multiple","Pujol",0,3,21,,,,"PujolJMedVir","Venezuela","Western blot","IgM+/IgMTanti+","M","unclear what anti HEV means"
,"General ","Quintana",0,11,209,,,,"QuintanaJMedVir","Cuba","in house","IgG","GP",
"children","Children HEV IgM+ and HAV IgM+","Realpe",0,13,75,,,,"Realpe.Intervirology","Mexico","nested RT-PCR","RNAIgM+","VH",
,"Pregnant women","Redlinger",0,5,307,,,,"Redlinger.TexMed","Mexico","Abbott Laboratories","Tanti","PW",
,"Pregnant women","Redlinger",0,2,557,,,,"Redlinger.TexMed","USA","Abbott Laboratories","Tanti","PW",
,"Ethnic group","Remondegui",0,7,126,,,,"RemondeguiRevArg","Argentina","recomWell Mikrogen","IgG","EG",
,"Ethnic group","Remondegui",0,11,126,,,,"RemondeguiRevArg","Argentina","recomWell Mikrogen","IgM","EG",
,"Ethnic group","Remondegui",1,5,126,,,,"RemondeguiRevArg","Argentina","recomLine after recomWell Mikrogen","IgG","EG",
,"Ethnic group","Remondegui",1,4,126,,,,"RemondeguiRevArg","Argentina","recomLine after recomWell Mikrogen","IgM","EG",
,"Ethnic group","Remondegui",0,0,17,,,,"RemondeguiRevArg","Argentina","RT-PCR","RNA+|+","EG",
,"Blood donors","Rey",0,39,2157,,,,"ReyJTravMed","Argentina","Abbott Laboratories","IgG","BD",
,"Children","Rey",0,2,1304,,,,"ReyJTravMed","Argentina","Abbott Laboratories","IgG","C",
"patients (invasive procedures)","Patients(invasive procedures)","Rey",0,54,1735,,,,"ReyJTravMed","Argentina","Abbott Laboratories","IgG","I",
,"Pregnant women","Saraceni",0,7,793,,,,"SaraceniThesis","Brazil","in house","IgG","PW",
"suspected viral hep.","Suspected viral hep","Saraceni",0,3,125,,,,"SaraceniThesis","Brazil","in house","IgM","VH",
"HIV+ kidney/liver transplant candidates","HIV+ kidney/liver transplant candidates","Sherman",0,32,166,,,,"Sherman.JvirHep","USA","Wantai","IgG","I","22/113 liver transplant, 10/53 kidney transplant"
"HIV+ kidney/liver transplant candidates","HIV+ kidney/liver transplant candidates","Sherman",0,1,166,,,,"Sherman.JvirHep","USA","Adaltis","IgM","I","1/113 liver transplant, 0/53 kidney transplant"
"HIV+ kidney or liver transpl. candidates  ","HIV+ kidney  or liver transplant candidates","Sherman",0,0,166,,,,"Sherman.JvirHep","USA","qPCR","RNA","I","0/113 liver transplant, 0/53 kidney transplant"
"HCV and/or HIV+","HCV and/or HIV+","Sherman",0,71,379,,,,"Sherman.AIDS","USA","Wantai","IgG","I",
"HCV and/or HIV+","HCV and/or HIV+","Sherman",0,0,71,,,,"Sherman.AIDS","USA","Wantai","IgM+","I",
"HCV and/or HIV+","HCV and/or HIV+","Sherman",0,0,379,,,,"Sherman.AIDS","USA","RT-qPCR","RNA","I",
,"Blood donors","Silva",0,4,110,,,,"SilvaMemInst","Brazil","MP Diagnostic","IgG","BD",
"swine exposure","Swine exposure","Silva",0,26,310,,,,"SilvaMemInst","Brazil","MP Diagnostic","IgG","PRE",
"missionairies","Missionairies","Smalligan",0,0,328,,,,"SmalliganAmJtrop","USA","Genelabs Technologies","IgG","OG",
"clients of a free clinic","Clients of a free clinic","Smith",0,27,200,,,,"SmithJInfDis","USA","in house","Tanti","EP",
,"Rural ","Souto",0,10,299,,,,"SoutoAnnTropMedP","Brazil","Abbott Laboratories","IgG","R",
"asymptomatic relatives","Exposed(asymptomatic relatives)","Souto",0,7,66,,,,"SoutoAnnTropMedH","Brazil","Abbott Laboratories","IgG","EP",
"viral hep.(self-reported)","Viral hep (self-reported)","Souto",0,2,16,,,,"SoutoAnnTropMedH","Brazil","Abbott Laboratories","IgG","VH",
,"Blood donors","Stramer",0,329,4499,,,,"StramerTrans","USA","MP Diagnostic","IgG","BD",
,"Blood donors","Stramer",0,26,4499,,,,"StramerTrans","USA","MP Diagnostic","IgM","BD",
,"Blood donors","Stramer",0,9,18829,,,,"StramerTrans","USA","Procleix HEV+TMA or RT-PCR","RNA","BD",
,"Blood donors","Stramer",0,428,4499,,,,"StramerTrans","USA","MP Diagnostic","Tanti","BD",
"transplant recipients (solid organ)","Transplant recipients (solid organ)","Sue",0,57,311,,,,"SueOpenF","USA","Wantai","IgG","I",
"representative of French Guiana","General ","Talarmin",0,64,996,,,,"TalarminJMedVir","French Guiana","Abbott Laboratories","Tanti","EG/GP",
,"Pregnant women","Tejada-Strop",0,123,1279,,,,"TejadaAmJTrop","Haiti","Wantai","IgG","PW",
,"Pregnant women","Tejada-Strop",0,4,1279,,,,"TejadaAmJTrop","Haiti","Wantai","IgM","PW",
,"Pregnant women","Tejada-Strop",0,0,4,,,,"TejadaAmJTrop","Haiti","RT-PCR","RNAIgM+","PW",
"NHANES III 1988-1994, 95% CI: 9.1%-11.4%","General ","Teshale",0,,,0.102,0.091,0.114,"TeshaleJInfDis","USA","Diagnostic System","IgG","GP","NHANES III 1988-1994"
,"General ","Teshale",1,,,0.06,0.052,0.068,"TeshaleJInfDis","USA","Diagnostic System","IgG","GP","NHANES 2009-2010"
,"Blood donors","Thomas",0,186,811,,,,"ThomasJClinMic","USA","in house","IgG","BD","64/300 possibly IgG, 29+93 of 211+300 possibly Tanti"
"homosexual males","Homosexual males","Thomas",0,47,295,,,,"ThomasJClinMic","USA","in house","IgG","EP",
"injection drug users","Injection drug users","Thomas",0,68,295,,,,"ThomasJClinMic","USA","in house","IgG","EP",
,"Patients (females, routine control)","Tissera",0,4,155,,,,"TisseraBMCInfDis","Argentina","Diapro","IgG","GP",
,"Pregnant women","Tissera",0,17,202,,,,"TisseraBMCInfDis","Argentina","Diapro","IgG","PW",
,"Pregnant women","Tissera",0,2,17,,,,"TisseraBMCInfDis","Argentina","Diapro","IgM+","PW",
,"Pregnant women","Tissera",0,0,17,,,,"TisseraBMCInfDis","Argentina","nested RT-PCR","RNA+","PW",
"males only","Blood donors(males)","Trinta",0,4,93,,,,"TrintaMemInst","Brazil","Abbott Laboratories","IgG","BD",
"hemodialysis","Hemodialysis patients","Trinta",0,4,65,,,,"TrintaMemInst","Brazil","Abbott Laboratories","IgG","I",
,"Rural ","Trinta",0,3,145,,,,"TrintaMemInst","Brazil","Abbott Laboratories","IgG","R",
"urban ","Urban ","Trinta",0,0,260,,,,"TrintaMemInst","Brazil","Abbott Laboratories","IgG","GP",
"intravenous drug users","Intravenous drug users","Trinta",0,12,102,,,,"TrintaMemInst","Brazil","Abbott Laboratories","IgG","EP",
"acute non-A-C hep.","Acute non-A,non-B,non-C hep.","Trinta",0,3,146,,,,"TrintaMemInst","Brazil","Abbott Laboratories","IgG","VH",
,"Pregnant women","Trinta",0,3,304,,,,"TrintaMemInst","Brazil","Abbott Laboratories","IgG","PW",
"kidney/heart transplant candidates","Heart  transplant candidates","Unzueta",0,32,333,,,,"UnzuetaAnnHep","USA","recomWell Mikrogen","IgG","I","15/132 heart, 17/201 kidney"
"kidney/heart transplant candidates","Heart or kidney  transplant candidates","Unzueta",0,0,333,,,,"UnzuetaAnnHep","USA","Procleix","RNA","I","0/201 kidney, 0/132 heart"
"water and sewage system workers","Water and sewage system workers","Vildosola",0,20,191,,,,"VildosolaRevGast","Peru","Abbott Laboratories","IgG","OG",
"pig handlers","Pig handlers","Vitral",0,2,32,,,,"VitralMemInst","Brazil","in house","IgG","PRE",
,"Ethnic group","Vitral",0,50,388,,,,"VitralBMCInfDis","Brazil","Biokit","IgG","EG",
,"Ethnic group","Vitral",0,7,43,,,,"VitralBMCInfDis","Brazil","Biokit","IgM+","EG",
"swine workers","Swine workers","Withers",0,18,165,,,,"WithersAmJTrop","USA","in house","Tanti","PRE",
,"General ","Withers",0,3,127,,,,"WithersAmJTrop","USA","in house","Tanti","GP",
,"Blood donors","Xu",0,364,1939,,,,"XuTrans","USA","Wantai","IgG","BD",
,"Blood donors","Xu",0,8,1939,,,,"XuTrans","USA","Wantai","IgM","BD",
,"Blood donors","Xu",0,0,1939,,,,"XuTrans","USA","RT-PCR and nested PCR","RNA","BD",
"HEV RNA negative","Blood donors (HEV RNA negative)","Zafrullah",1,569,5040,,,,"ZafrullahTrans","USA","Diagnostic System","IgG","BD",
"HEV RNA negative","Blood donors (HEV RNA negative)","Zafrullah",0,619,5040,,,,"ZafrullahTrans","USA","Wantai","IgG","BD",
"HEV RNA negative","Blood donors (HEV RNA negative)","Zafrullah",1,146,5040,,,,"ZafrullahTrans","USA","Diagnostic System","IgM","BD",
"HEV RNA negative","Blood donors (HEV RNA negative)","Zafrullah",1,93,5040,,,,"ZafrullahTrans","USA","MP Biomedicals","IgM","BD",
"HEV RNA negative","Blood donors (HEV RNA negative)","Zafrullah",0,34,5040,,,,"ZafrullahTrans","USA","Wantai","IgM","BD",
"HEV RNA negative","Blood donors (HEV RNA negative)","Zafrullah",0,537,5040,,,,"ZafrullahTrans","USA","MP Biomedicals","Tanti","BD",
,"General ","Zhang",1,,,0.216,0.186,0.244,"ZhangHep","USA","in house","IgG","GP","NHANES III 1991-1994"
"acute non-A-C hep.","Acute non-A-C hep","Lopes dos Santos",0,1,64,,,,"LopesJClinVir","Brazil","Biokit","IgG","VH",
"acute non-A-C hep.","Acute non-A-C hep ","Lopes dos Santos",0,1,64,,,,"LopesJClinVir","Brazil","Biokit","IgM","VH",
"acute non-A-C","Acute non-A-C hep ","Lopes dos Santos",0,1,1,,,,"LopesJClinVir","Brazil","RT-PCR","RNA+","VH",
